"","md_caption","title_monitoring","url_monitoring","title_data","url_data","Notes","X","X.1","X.2","X.3","X.4","X.5","X.6","X.7","X.8","X.9","X.10","X.11","X.12","X.13","X.14","X.15","X.16","X.17","X.18","X.19","X.20","X.21"
"1","Rocky Intertidal_Barnacles","","https://sanctuarysimon.org/dbtools/project-database/index.php?ID=100508","","https://marine.ucsc.edu/explore-the-data/index.html","","",NA,NA,NA,NA,NA,NA,NA,NA,NA,NA,NA,NA,NA,NA,NA,NA,NA,NA,NA,NA,NA
"2","Figure S.Hab.10.3.","Eelgrass monitoring in CINMS","https://sanctuarysimon.org/dbtools/project-database/index.php?ID=100448","","https://doi.org/10.3398/042.007.0139","","",NA,NA,NA,NA,NA,NA,NA,NA,NA,NA,NA,NA,NA,NA,NA,NA,NA,NA,NA,NA,NA
"3","Figure App.C.1.4.","","","","","","",NA,NA,NA,NA,NA,NA,NA,NA,NA,NA,NA,NA,NA,NA,NA,NA,NA,NA,NA,NA,NA
"4","Figure App.C.2.1.","","","State of California Geoportal","https://gis.data.ca.gov/","Not sure where on the geoportal the data come from, or if there is an associated ""monitoring"" program","",NA,NA,NA,NA,NA,NA,NA,NA,NA,NA,NA,NA,NA,NA,NA,NA,NA,NA,NA,NA,NA
"5","Figure App.C.2.3.","Office of Restoration SCAT","https://response.restoration.noaa.gov/oil-and-chemical-spills/oil-spills/resources/shoreline-cleanup-and-assessment-technique-scat.html","","","Not sure where on the SCAT page we want to send people (the URL provided in _captions.md could link to *either* monitoring or data","",NA,NA,NA,NA,NA,NA,NA,NA,NA,NA,NA,NA,NA,NA,NA,NA,NA,NA,NA,NA,NA
"6","Figure App.C.2.4.","","","Emery et al. 2016","https://ui.adsabs.harvard.edu/abs/2016AGUOSEC44B1246E/abstract","Not sure if the listed data source is helpful","",NA,NA,NA,NA,NA,NA,NA,NA,NA,NA,NA,NA,NA,NA,NA,NA,NA,NA,NA,NA,NA
"7","Figure App.C.2.5.","2015 Refugio Oil Spill Simulation","http://sccoos.org/about/news/2015-refugio-state-beach-oil-spill/","Refugio Oil Spill NRDA","https://sccoos.org/media/filer_public/b7/58/b758c4b8-ce67-48e7-ae17-9b294e0aefa6/refugio_beach_oil_spill_nrda_newsletter_november_2015.pdf","","",NA,NA,NA,NA,NA,NA,NA,NA,NA,NA,NA,NA,NA,NA,NA,NA,NA,NA,NA,NA,NA
"8","Figure App.C.2.8.","","https://sanctuarysimon.org/dbtools/project-database/index.php?ID=100506","","N/A","Soundscape project; map, no need for data link. ","",NA,NA,NA,NA,NA,NA,NA,NA,NA,NA,NA,NA,NA,NA,NA,NA,NA,NA,NA,NA,NA
"9","Figure App.C.3.1.","","","Vessel Assist","","Not sure where these data are from (VMS)","",NA,NA,NA,NA,NA,NA,NA,NA,NA,NA,NA,NA,NA,NA,NA,NA,NA,NA,NA,NA,NA
"10","Figure App.C.3.2.","CDFW Commercial Fishery Data","https://wildlife.ca.gov/Conservation/Marine/Groundfish/Commercial-Fishery-Data","",""," map referenced from Etnoyer et al. 2015 ","",NA,NA,NA,NA,NA,NA,NA,NA,NA,NA,NA,NA,NA,NA,NA,NA,NA,NA,NA,NA,NA
"11","Figure App.C.3.3.","CDFW Commercial Fishery Data","https://wildlife.ca.gov/Conservation/Marine/Groundfish/Commercial-Fishery-Data","Etnoyer et al. 2015","http://doi.org/10.13140/RG.2.1.3430.4085"," map referenced from Etnoyer et al. 2015 ","",NA,NA,NA,NA,NA,NA,NA,NA,NA,NA,NA,NA,NA,NA,NA,NA,NA,NA,NA,NA,NA
"12","Figure App.C.3.4.","CDFW Commercial Fishery Data","https://wildlife.ca.gov/Conservation/Marine/Groundfish/Commercial-Fishery-Data","Etnoyer et al. 2015","http://doi.org/10.13140/RG.2.1.3430.4085"," map referenced from Etnoyer et al. 2015 ","",NA,NA,NA,NA,NA,NA,NA,NA,NA,NA,NA,NA,NA,NA,NA,NA,NA,NA,NA,NA,NA
"13","Figure App.C.3.5.","","https://sanctuarysimon.org/dbtools/project-database/index.php?ID=100462","Etnoyer et al. 2015","http://doi.org/10.13140/RG.2.1.3430.4085"," map referenced from Etnoyer et al. 2015 ","",NA,NA,NA,NA,NA,NA,NA,NA,NA,NA,NA,NA,NA,NA,NA,NA,NA,NA,NA,NA,NA
"14","Figure App.C.4.2a.","CDFW Marine Fisheries Statistical Unit","https://wildlife.ca.gov/Conservation/Marine/MFSU","Chen et al. 2015","https://caseagrant.ucsd.edu/sites/default/files/SCMPA-29-CPFV-Final-Report.pdf","Figure referenced to Chen et al. 2015b; # trips and # anglers/trip","",NA,NA,NA,NA,NA,NA,NA,NA,NA,NA,NA,NA,NA,NA,NA,NA,NA,NA,NA,NA,NA
"15","Figure App.C.4.2b.","CDFW Marine Fisheries Statistical Unit","https://wildlife.ca.gov/Conservation/Marine/MFSU","Chen et al. 2015","https://caseagrant.ucsd.edu/sites/default/files/SCMPA-29-CPFV-Final-Report.pdf","Figure referenced to Chen et al. 2015b; landings ","",NA,NA,NA,NA,NA,NA,NA,NA,NA,NA,NA,NA,NA,NA,NA,NA,NA,NA,NA,NA,NA
"16","Figure App.C.4.4.","CDFW Commercial Fishery Landings","https://wildlife.ca.gov/Fishing/Commercial/Landings","Leeworthy et al. 2014","https://sanctuaries.noaa.gov/science/conservation/cinms_fishing_report.html","Figure referenced to Leeworthy et al. 2014a; same SIMoN link in 4.2; not sure if this is appropriate (some overlap)","",NA,NA,NA,NA,NA,NA,NA,NA,NA,NA,NA,NA,NA,NA,NA,NA,NA,NA,NA,NA,NA
"17","Figure App.C.4.5a.","CDFW SCFRMP Halibut Studies","https://wildlife.ca.gov/Conservation/Marine/SCFRMP/Halibut","","","California halibut landings","",NA,NA,NA,NA,NA,NA,NA,NA,NA,NA,NA,NA,NA,NA,NA,NA,NA,NA,NA,NA,NA
"18","Figure App.C.4.5b.","CDFW SCFRMP Halibut Studies","https://wildlife.ca.gov/Conservation/Marine/SCFRMP/Halibut","","","California halibut vessels","",NA,NA,NA,NA,NA,NA,NA,NA,NA,NA,NA,NA,NA,NA,NA,NA,NA,NA,NA,NA,NA
"19","Figure App.C.4.6a.","CDFW Commercial Fishery Data","https://wildlife.ca.gov/Conservation/Marine/Groundfish/Commercial-Fishery-Data","","","Rock crab fishing (species)","",NA,NA,NA,NA,NA,NA,NA,NA,NA,NA,NA,NA,NA,NA,NA,NA,NA,NA,NA,NA,NA
"20","Figure App.C.4.6b.","CDFW Commercial Fishery Data","https://wildlife.ca.gov/Conservation/Marine/Groundfish/Commercial-Fishery-Data","","","Rock crab fisher increase","",NA,NA,NA,NA,NA,NA,NA,NA,NA,NA,NA,NA,NA,NA,NA,NA,NA,NA,NA,NA,NA
"21","Figure App.C.4.7.","","","","https://caseagrant.ucsd.edu/sites/default/files/SCMPA-29-CoastalRecreation-Final-Report_0.pdf","Spatial patterns in coastal recreational activity","",NA,NA,NA,NA,NA,NA,NA,NA,NA,NA,NA,NA,NA,NA,NA,NA,NA,NA,NA,NA,NA
"22","Figure App.C.4.8.","","","","","Visitation to Frenchy's Cove","",NA,NA,NA,NA,NA,NA,NA,NA,NA,NA,NA,NA,NA,NA,NA,NA,NA,NA,NA,NA,NA
"23","Figure App.C.4.9.","","","","","Seabird nesting and disturbance","",NA,NA,NA,NA,NA,NA,NA,NA,NA,NA,NA,NA,NA,NA,NA,NA,NA,NA,NA,NA,NA
"24","Figure App.C.4.10.","","","","https://caseagrant.ucsd.edu/sites/default/files/SCMPA-28-Final-Report_0.pdf","Removed to include updated figure","",NA,NA,NA,NA,NA,NA,NA,NA,NA,NA,NA,NA,NA,NA,NA,NA,NA,NA,NA,NA,NA
"25","Figure App.C.4.10b.","NOAA Entanglement Response Program","https://www.fisheries.noaa.gov/west-coast/marine-mammal-protection/west-coast-large-whale-entanglement-response-program","Entanglement Data/Summary Reports","https://www.fisheries.noaa.gov/west-coast/marine-mammal-protection/west-coast-large-whale-entanglement-response-program#resources","Updated whale entanglement ","",NA,NA,NA,NA,NA,NA,NA,NA,NA,NA,NA,NA,NA,NA,NA,NA,NA,NA,NA,NA,NA
"26","Figure App.C.4.11a.","","","","http://www.westcoast.fisheries.noaa.gov/publications/protected_species/marine_mammals/noaa-%20tm-nmfs-swr-044_final.pdf","Blue","",NA,NA,NA,NA,NA,NA,NA,NA,NA,NA,NA,NA,NA,NA,NA,NA,NA,NA,NA,NA,NA
"27","Figure App.C.4.11b.","","","","http://www.westcoast.fisheries.noaa.gov/publications/protected_species/marine_mammals/noaa-%20tm-nmfs-swr-044_final.pdf","Fin","",NA,NA,NA,NA,NA,NA,NA,NA,NA,NA,NA,NA,NA,NA,NA,NA,NA,NA,NA,NA,NA
"28","Figure App.C.4.11c.","","","","http://www.westcoast.fisheries.noaa.gov/publications/protected_species/marine_mammals/noaa-%20tm-nmfs-swr-044_final.pdf","Humpback","",NA,NA,NA,NA,NA,NA,NA,NA,NA,NA,NA,NA,NA,NA,NA,NA,NA,NA,NA,NA,NA
"29","Figure App.C.4.12.","Shipping Noise Monitoring","https://sanctuarysimon.org/dbtools/project-database/index.php?ID=100426","MSWGSS 2016","https://nmschannelislands.blob.core.windows.net/channelislands-prod/media/archive/sac/pdfs/mswg_final_report_may2016.pdf","Referenced ship noise monitoring for the monitoring URL, is there a better one?","",NA,NA,NA,NA,NA,NA,NA,NA,NA,NA,NA,NA,NA,NA,NA,NA,NA,NA,NA,NA,NA
"30","Figure App.C.4.13.","Shipping Noise Monitoring","https://sanctuarysimon.org/dbtools/project-database/index.php?ID=100426","McKenna et al. 2012","http://dx.doi.org/10.1121/1.4740225","Data referenced to: McKenna et al. 2012; referenced same SIMon project even though this is for general noise in the sanctuary","",NA,NA,NA,NA,NA,NA,NA,NA,NA,NA,NA,NA,NA,NA,NA,NA,NA,NA,NA,NA,NA
"31","Figure App.C.4.14.","","","","","","",NA,NA,NA,NA,NA,NA,NA,NA,NA,NA,NA,NA,NA,NA,NA,NA,NA,NA,NA,NA,NA
"32","Figure App.C.4.15.","","","","","","",NA,NA,NA,NA,NA,NA,NA,NA,NA,NA,NA,NA,NA,NA,NA,NA,NA,NA,NA,NA,NA
"33","Figure App.C.4.16.","","","","","","",NA,NA,NA,NA,NA,NA,NA,NA,NA,NA,NA,NA,NA,NA,NA,NA,NA,NA,NA,NA,NA
"34","Figure App.C.4.17.","CalGEM Oil & Gas","https://www.conservation.ca.gov/calgem/pubs_stats/Pages/pub_index.aspx","CCIEA indicator data in ERDDAP","https://oceanview.pfeg.noaa.gov/erddap/tabledap/cciea_AC.html?time,oil_gas_production","","",NA,NA,NA,NA,NA,NA,NA,NA,NA,NA,NA,NA,NA,NA,NA,NA,NA,NA,NA,NA,NA
"35","Figure App.C.4.18a.","","","","","Permits","",NA,NA,NA,NA,NA,NA,NA,NA,NA,NA,NA,NA,NA,NA,NA,NA,NA,NA,NA,NA,NA
"36","Figure App.C.4.18b.","","","","","CDFW permits","",NA,NA,NA,NA,NA,NA,NA,NA,NA,NA,NA,NA,NA,NA,NA,NA,NA,NA,NA,NA,NA
"37","Figure App.D.6.5.","","","","","","",NA,NA,NA,NA,NA,NA,NA,NA,NA,NA,NA,NA,NA,NA,NA,NA,NA,NA,NA,NA,NA
"38","Figure App.D.6.6.","","","","","","",NA,NA,NA,NA,NA,NA,NA,NA,NA,NA,NA,NA,NA,NA,NA,NA,NA,NA,NA,NA,NA
"39","Figure App.D.6.7.","Santa Barbara Coastal LTER Program","https://sanctuarysimon.org/dbtools/project-database/index.php?ID=100467","Reed et al. 2016","https://doi.org/10.1038/ncomms13757","","",NA,NA,NA,NA,NA,NA,NA,NA,NA,NA,NA,NA,NA,NA,NA,NA,NA,NA,NA,NA,NA
"40","Figure App.D.7.1.","Plumes and Blooms Monitoring Program","https://sanctuarysimon.org/dbtools/project-database/index.php?ID=100429","","N/A","Data referenced from C. Culver unpublished data","",NA,NA,NA,NA,NA,NA,NA,NA,NA,NA,NA,NA,NA,NA,NA,NA,NA,NA,NA,NA,NA
"41","Figure App.D.7.3.","","","McCabe et al. 2016","https://doi.org/10.1002/2016GL070023","Data referenced from McCabe et al. 2016","",NA,NA,NA,NA,NA,NA,NA,NA,NA,NA,NA,NA,NA,NA,NA,NA,NA,NA,NA,NA,NA
"42","Figure App.D.8.3.","","","","","","",NA,NA,NA,NA,NA,NA,NA,NA,NA,NA,NA,NA,NA,NA,NA,NA,NA,NA,NA,NA,NA
"43","Figure App.D.8.4.","","","","","","",NA,NA,NA,NA,NA,NA,NA,NA,NA,NA,NA,NA,NA,NA,NA,NA,NA,NA,NA,NA,NA
"44","Figure App.E.10.11.","CINP Sandy Beach Monitoring","https://www.nps.gov/im/medn/sandy-beaches-lagoons.htm","","","Graphs provided by Steve Whitaker, data not publically available","",NA,NA,NA,NA,NA,NA,NA,NA,NA,NA,NA,NA,NA,NA,NA,NA,NA,NA,NA,NA,NA
"45","Figure App.E.10.12.","CINP Sandy Beach Monitoring","https://www.nps.gov/im/medn/sandy-beaches-lagoons.htm","","","Graphs provided by Steve Whitaker, data not publically available","",NA,NA,NA,NA,NA,NA,NA,NA,NA,NA,NA,NA,NA,NA,NA,NA,NA,NA,NA,NA,NA
"46","Figure App.E.10.13.","","https://sanctuarysimon.org/dbtools/project-database/index.php?ID=100467","","N/A","Figure referenced to Bob Miller (UCSB)","",NA,NA,NA,NA,NA,NA,NA,NA,NA,NA,NA,NA,NA,NA,NA,NA,NA,NA,NA,NA,NA
"47","Figure App.E.10.14.","","https://sanctuarysimon.org/dbtools/project-database/index.php?ID=100505","","https://www.nps.gov/im/medn/kelp-forest-communities.htm","Data referenced from CINP [KFMP], cannot actually find the whole data base","",NA,NA,NA,NA,NA,NA,NA,NA,NA,NA,NA,NA,NA,NA,NA,NA,NA,NA,NA,NA,NA
"48","Figure App.E.10.20.","","https://sanctuarysimon.org/dbtools/project-database/index.php?ID=100467","","https://sbclter.msi.ucsb.edu/data/catalog/","","",NA,NA,NA,NA,NA,NA,NA,NA,NA,NA,NA,NA,NA,NA,NA,NA,NA,NA,NA,NA,NA
"49","Figure App.E.10.21.","","https://sanctuarysimon.org/dbtools/project-database/index.php?ID=100467","","https://sbclter.msi.ucsb.edu/data/catalog/","","",NA,NA,NA,NA,NA,NA,NA,NA,NA,NA,NA,NA,NA,NA,NA,NA,NA,NA,NA,NA,NA
"50","Figure App.E.10.22.","","https://sanctuarysimon.org/dbtools/project-database/index.php?ID=100448","","","Data source: NMFS, UCSB, and CINMS","",NA,NA,NA,NA,NA,NA,NA,NA,NA,NA,NA,NA,NA,NA,NA,NA,NA,NA,NA,NA,NA
"51","Figure App.E.10.24.","","https://sanctuarysimon.org/dbtools/project-database/index.php?ID=100448","","https://doi.org/10.3398/042.007.0139","Data source: J. Altstatt/ UCSB and CINMS","",NA,NA,NA,NA,NA,NA,NA,NA,NA,NA,NA,NA,NA,NA,NA,NA,NA,NA,NA,NA,NA
"52","Figure App.E.10.25.","","","","","National Marine Fisheries Service eelgrass surveys in 2015 Santa Cruz Island","",NA,NA,NA,NA,NA,NA,NA,NA,NA,NA,NA,NA,NA,NA,NA,NA,NA,NA,NA,NA,NA
"53","Figure App.E.10.26.","","https://sanctuarysimon.org/dbtools/project-database/index.php?ID=100462","","http://doi.org/10.13140/RG.2.1.3430.4085","Figured referenced to Etnoyer et al. 2015","",NA,NA,NA,NA,NA,NA,NA,NA,NA,NA,NA,NA,NA,NA,NA,NA,NA,NA,NA,NA,NA
"54","Figure App.E.10.28.","","https://sanctuarysimon.org/dbtools/project-database/index.php?ID=100462","","http://doi.org/10.13140/RG.2.1.3430.4085","Figured referenced to MARE (surveys in 2005, 2009, 2015)","",NA,NA,NA,NA,NA,NA,NA,NA,NA,NA,NA,NA,NA,NA,NA,NA,NA,NA,NA,NA,NA
"55","Figure App.E.10.29.","","https://sanctuarysimon.org/dbtools/project-database/index.php?ID=100462","Etnoyer et al. 2015","http://doi.org/10.13140/RG.2.1.3430.4085","Figured referenced to Etnoyer et al. 2015","",NA,NA,NA,NA,NA,NA,NA,NA,NA,NA,NA,NA,NA,NA,NA,NA,NA,NA,NA,NA,NA
"56","Figure App.E.11.1.","Mussel Watch Program","https://www.waterboards.ca.gov/water_issues/programs/swamp/mussel_watch.html","","","Data sourced to D. Whitall/NOS NCCOS Mussel Watch","",NA,NA,NA,NA,NA,NA,NA,NA,NA,NA,NA,NA,NA,NA,NA,NA,NA,NA,NA,NA,NA
"57","Figure App.E.11.2.","Mussel Watch Program","https://www.waterboards.ca.gov/water_issues/programs/swamp/mussel_watch.html","","","Data sourced to D. Whitall/NOS NCCOS Mussel Watch","",NA,NA,NA,NA,NA,NA,NA,NA,NA,NA,NA,NA,NA,NA,NA,NA,NA,NA,NA,NA,NA
"58","Figure App.E.11.3.","Mussel Watch Program","https://www.waterboards.ca.gov/water_issues/programs/swamp/mussel_watch.html","","","Data sourced to D. Whitall/NOS NCCOS Mussel Watch","",NA,NA,NA,NA,NA,NA,NA,NA,NA,NA,NA,NA,NA,NA,NA,NA,NA,NA,NA,NA,NA
"59","Figure App.E.11.4.","Mussel Watch Program","https://www.waterboards.ca.gov/water_issues/programs/swamp/mussel_watch.html","","","Data sourced to D. Apeti/NOS NCCOS Mussel Watch","",NA,NA,NA,NA,NA,NA,NA,NA,NA,NA,NA,NA,NA,NA,NA,NA,NA,NA,NA,NA,NA
"60","Figure App.E.11.5.","Mussel Watch Program","https://www.waterboards.ca.gov/water_issues/programs/swamp/mussel_watch.html","","","Data sourced to D. Whitall/NOS NCCOS Mussel Watch","",NA,NA,NA,NA,NA,NA,NA,NA,NA,NA,NA,NA,NA,NA,NA,NA,NA,NA,NA,NA,NA
"61","Figure App.E.11.6.","Mussel Watch Program","https://www.waterboards.ca.gov/water_issues/programs/swamp/mussel_watch.html","","","Data sourced to D. Whitall/NOS NCCOS Mussel Watch","",NA,NA,NA,NA,NA,NA,NA,NA,NA,NA,NA,NA,NA,NA,NA,NA,NA,NA,NA,NA,NA
"62","Figure App.E.11.7.","CINP Rocky Intertidal Monitoring","https://sanctuarysimon.org/dbtools/project-database/index.php?ID=100508","MARINe data","https://marine.ucsc.edu/explore-the-data/index.html","Data sourced to Channel Islands National Park/MARINe","",NA,NA,NA,NA,NA,NA,NA,NA,NA,NA,NA,NA,NA,NA,NA,NA,NA,NA,NA,NA,NA
"63","Figure App.E.11.8.","CINP Rocky Intertidal Monitoring","https://sanctuarysimon.org/dbtools/project-database/index.php?ID=100508","MARINe data","https://marine.ucsc.edu/explore-the-data/index.html","Data sourced to Channel Islands National Park/MARINe","",NA,NA,NA,NA,NA,NA,NA,NA,NA,NA,NA,NA,NA,NA,NA,NA,NA,NA,NA,NA,NA
"64","Figure App.E.11.9.","SCCWRP Monitoring","https://sanctuarysimon.org/dbtools/project-database/index.php?ID=100428","SCCWRP data portal","https://www.sccwrp.org/about/research-areas/data-portal/","https://sanctuarysimon.org/dbtools/project-database/index.php?ID=100428","",NA,NA,NA,NA,NA,NA,NA,NA,NA,NA,NA,NA,NA,NA,NA,NA,NA,NA,NA,NA,NA
"65","Figure App.E.11.10.","SCCWRP Monitoring","https://sanctuarysimon.org/dbtools/project-database/index.php?ID=100428","SCCWRP data portal","https://www.sccwrp.org/about/research-areas/data-portal/","","https://www.sccwrp.org/about/research-areas/bioassessment/indices-of-biotic-integrity/",NA,NA,NA,NA,NA,NA,NA,NA,NA,NA,NA,NA,NA,NA,NA,NA,NA,NA,NA,NA,NA
"66","Figure App.E.11.11.","SCCWRP Monitoring","https://sanctuarysimon.org/dbtools/project-database/index.php?ID=100428","SCCWRP data portal","https://www.sccwrp.org/about/research-areas/data-portal/","https://sanctuarysimon.org/dbtools/project-database/index.php?ID=100428","",NA,NA,NA,NA,NA,NA,NA,NA,NA,NA,NA,NA,NA,NA,NA,NA,NA,NA,NA,NA,NA
"67","Figure App.E.11.12.","SCCWRP Monitoring","https://sanctuarysimon.org/dbtools/project-database/index.php?ID=100428","Schiff et al. 2011","http://ftp.sccwrp.org/pub/download/DOCUMENTS/TechnicalReports/661_B08_SedChem.pdf","Data sourced to Schiff et al. 2011","",NA,NA,NA,NA,NA,NA,NA,NA,NA,NA,NA,NA,NA,NA,NA,NA,NA,NA,NA,NA,NA
"68","Figure App.E.11.13.","SCCWRP Monitoring","https://sanctuarysimon.org/dbtools/project-database/index.php?ID=100428","Schiff et al. 2011","http://ftp.sccwrp.org/pub/download/DOCUMENTS/TechnicalReports/661_B08_SedChem.pdf","Data sourced to Schiff et al. 2011","",NA,NA,NA,NA,NA,NA,NA,NA,NA,NA,NA,NA,NA,NA,NA,NA,NA,NA,NA,NA,NA
"69","Figure App.E.11.14.","SCCWRP Monitoring","https://sanctuarysimon.org/dbtools/project-database/index.php?ID=100428","Schiff et al. 2011","http://ftp.sccwrp.org/pub/download/DOCUMENTS/TechnicalReports/661_B08_SedChem.pdf","Data sourced to Schiff et al. 2011","",NA,NA,NA,NA,NA,NA,NA,NA,NA,NA,NA,NA,NA,NA,NA,NA,NA,NA,NA,NA,NA
"70","Figure App.E.11.15.","SCCWRP Monitoring","https://sanctuarysimon.org/dbtools/project-database/index.php?ID=100428","Schiff et al. 2011","http://ftp.sccwrp.org/pub/download/DOCUMENTS/TechnicalReports/661_B08_SedChem.pdf","Data sourced to Schiff et al. 2011","",NA,NA,NA,NA,NA,NA,NA,NA,NA,NA,NA,NA,NA,NA,NA,NA,NA,NA,NA,NA,NA
"71","Figure App.E.11.16.","SCCWRP Monitoring","https://sanctuarysimon.org/dbtools/project-database/index.php?ID=100428","Schiff et al. 2011","http://ftp.sccwrp.org/pub/download/DOCUMENTS/TechnicalReports/661_B08_SedChem.pdf","Data sourced to Schiff et al. 2011","",NA,NA,NA,NA,NA,NA,NA,NA,NA,NA,NA,NA,NA,NA,NA,NA,NA,NA,NA,NA,NA
"72","Figure App.E.11.17.","SCCWRP Monitoring","https://sanctuarysimon.org/dbtools/project-database/index.php?ID=100428","Schiff et al. 2011","http://ftp.sccwrp.org/pub/download/DOCUMENTS/TechnicalReports/661_B08_SedChem.pdf","Data sourced to Schiff et al. 2011","",NA,NA,NA,NA,NA,NA,NA,NA,NA,NA,NA,NA,NA,NA,NA,NA,NA,NA,NA,NA,NA
"73","Figure App.F.12.2.","CINP Rocky Intertidal Monitoring","https://sanctuarysimon.org/dbtools/project-database/index.php?ID=100508","MARINe data","https://marine.ucsc.edu/explore-the-data/index.html","","",NA,NA,NA,NA,NA,NA,NA,NA,NA,NA,NA,NA,NA,NA,NA,NA,NA,NA,NA,NA,NA
"74","Figure App F.12.3.","CINP Rocky Intertidal Monitoring","https://sanctuarysimon.org/dbtools/project-database/index.php?ID=100508","MARINe data","https://marine.ucsc.edu/explore-the-data/index.html","","",NA,NA,NA,NA,NA,NA,NA,NA,NA,NA,NA,NA,NA,NA,NA,NA,NA,NA,NA,NA,NA
"75","Figure App.F.12.4.","CINP Sandy Beach Monitoring","https://www.nps.gov/im/medn/sandy-beaches-lagoons.htm","","","","",NA,NA,NA,NA,NA,NA,NA,NA,NA,NA,NA,NA,NA,NA,NA,NA,NA,NA,NA,NA,NA
"76","Figure App F.12.5.","","","PISCO data","http://www.piscoweb.org/access-data","","",NA,NA,NA,NA,NA,NA,NA,NA,NA,NA,NA,NA,NA,NA,NA,NA,NA,NA,NA,NA,NA
"77","Figure App F.12.6.","","","","https://sbclter.msi.ucsb.edu/data/","","",NA,NA,NA,NA,NA,NA,NA,NA,NA,NA,NA,NA,NA,NA,NA,NA,NA,NA,NA,NA,NA
"78","Figure App.F.12.7.","PISCO Kelp Forest Monitoring","https://sanctuarysimon.org/dbtools/project-database/index.php?ID=100465","PISCO data","http://www.piscoweb.org/access-data","Seastars on the channel islands","",NA,NA,NA,NA,NA,NA,NA,NA,NA,NA,NA,NA,NA,NA,NA,NA,NA,NA,NA,NA,NA
"79","Figure App.F.12.8a.","CINP Kelp Forest Monitoring","https://sanctuarysimon.org/dbtools/project-database/index.php?ID=100505","","https://www.nps.gov/chis/index.htm","Giant spine sea stars","",NA,NA,NA,NA,NA,NA,NA,NA,NA,NA,NA,NA,NA,NA,NA,NA,NA,NA,NA,NA,NA
"80","Figure App.F.12.8b.","CINP Kelp Forest Monitoring","https://sanctuarysimon.org/dbtools/project-database/index.php?ID=100505","","https://www.nps.gov/chis/index.htm","Pycnopodia","",NA,NA,NA,NA,NA,NA,NA,NA,NA,NA,NA,NA,NA,NA,NA,NA,NA,NA,NA,NA,NA
"81","Figure App.F.12.9.","Santa Barbara Channel LTER","https://sanctuarysimon.org/dbtools/project-database/index.php?ID=100467","SBC LTER data catalog","https://sbclter.msi.ucsb.edu/data/catalog/","Sea stars mainland vs islands","",NA,NA,NA,NA,NA,NA,NA,NA,NA,NA,NA,NA,NA,NA,NA,NA,NA,NA,NA,NA,NA
"82","Figure App F.12.10.","","","PISCO data","http://www.piscoweb.org/access-data","","",NA,NA,NA,NA,NA,NA,NA,NA,NA,NA,NA,NA,NA,NA,NA,NA,NA,NA,NA,NA,NA
"83","Figure App F.12.11.","","","","","","",NA,NA,NA,NA,NA,NA,NA,NA,NA,NA,NA,NA,NA,NA,NA,NA,NA,NA,NA,NA,NA
"84","Figure App.F.12.12.","PISCO Kelp Forest Monitoring","https://sanctuarysimon.org/dbtools/project-database/index.php?ID=100465","PISCO data","http://www.piscoweb.org/access-data","Sheephead","",NA,NA,NA,NA,NA,NA,NA,NA,NA,NA,NA,NA,NA,NA,NA,NA,NA,NA,NA,NA,NA
"85","Figure App.F.12.13.","CINP Kelp Forest Monitoring","https://sanctuarysimon.org/dbtools/project-database/index.php?ID=100505","","https://www.nps.gov/im/medn/kelp-forest-communities.htm","Sheephead","",NA,NA,NA,NA,NA,NA,NA,NA,NA,NA,NA,NA,NA,NA,NA,NA,NA,NA,NA,NA,NA
"86","Figure App.F.12.14.","","https://sanctuarysimon.org/dbtools/project-database/index.php?ID=100467","","https://sbclter.msi.ucsb.edu/data/catalog/","Sheephead","",NA,NA,NA,NA,NA,NA,NA,NA,NA,NA,NA,NA,NA,NA,NA,NA,NA,NA,NA,NA,NA
"87","Figure App.F.12.15.","","","","","MARE - loss of sunflower star info boar","",NA,NA,NA,NA,NA,NA,NA,NA,NA,NA,NA,NA,NA,NA,NA,NA,NA,NA,NA,NA,NA
"88","Figure App.F.12.16.","","","","","Sheephead; MARE","",NA,NA,NA,NA,NA,NA,NA,NA,NA,NA,NA,NA,NA,NA,NA,NA,NA,NA,NA,NA,NA
"89","Figure App.F.12.17.","","","","","","",NA,NA,NA,NA,NA,NA,NA,NA,NA,NA,NA,NA,NA,NA,NA,NA,NA,NA,NA,NA,NA
"90","Figure App.F.12.18.","CalCOFI Monitoring Program","https://sanctuarysimon.org/dbtools/project-database/index.php?ID=100476","CalCOFI data","https://www.calcofi.org/ccdata.html","","",NA,NA,NA,NA,NA,NA,NA,NA,NA,NA,NA,NA,NA,NA,NA,NA,NA,NA,NA,NA,NA
"91","Figure App.F.12.19.","CalCOFI Monitoring Program","https://sanctuarysimon.org/dbtools/project-database/index.php?ID=100476","CalCOFI data","https://www.calcofi.org/ccdata.html","","",NA,NA,NA,NA,NA,NA,NA,NA,NA,NA,NA,NA,NA,NA,NA,NA,NA,NA,NA,NA,NA
"92","Figure App.F.12.19a.","CalCOFI Monitoring Program","https://sanctuarysimon.org/dbtools/project-database/index.php?ID=100476","CalCOFI data","https://www.calcofi.org/ccdata.html","","",NA,NA,NA,NA,NA,NA,NA,NA,NA,NA,NA,NA,NA,NA,NA,NA,NA,NA,NA,NA,NA
"93","Figure App.F.12.19b.","CalCOFI Monitoring Program","https://sanctuarysimon.org/dbtools/project-database/index.php?ID=100476","CalCOFI data","https://www.calcofi.org/ccdata.html","","",NA,NA,NA,NA,NA,NA,NA,NA,NA,NA,NA,NA,NA,NA,NA,NA,NA,NA,NA,NA,NA
"94","Figure App.F.12.19c.","CalCOFI Monitoring Program","https://sanctuarysimon.org/dbtools/project-database/index.php?ID=100476","CalCOFI data","https://www.calcofi.org/ccdata.html","","",NA,NA,NA,NA,NA,NA,NA,NA,NA,NA,NA,NA,NA,NA,NA,NA,NA,NA,NA,NA,NA
"95","Figure App.F.12.19.hake","CalCOFI Monitoring Program","https://sanctuarysimon.org/dbtools/project-database/index.php?ID=100476","CalCOFI data","https://www.calcofi.org/ccdata.html","","",NA,NA,NA,NA,NA,NA,NA,NA,NA,NA,NA,NA,NA,NA,NA,NA,NA,NA,NA,NA,NA
"96","Figure App.F.12.19.myctophids","CalCOFI Monitoring Program","https://sanctuarysimon.org/dbtools/project-database/index.php?ID=100476","CalCOFI data","https://www.calcofi.org/ccdata.html","","",NA,NA,NA,NA,NA,NA,NA,NA,NA,NA,NA,NA,NA,NA,NA,NA,NA,NA,NA,NA,NA
"97","Figure App.F.12.19.rockfish","CalCOFI Monitoring Program","https://sanctuarysimon.org/dbtools/project-database/index.php?ID=100476","CalCOFI data","https://www.calcofi.org/ccdata.html","","",NA,NA,NA,NA,NA,NA,NA,NA,NA,NA,NA,NA,NA,NA,NA,NA,NA,NA,NA,NA,NA
"98","Figure App.F.12.19.sanddab","CalCOFI Monitoring Program","https://sanctuarysimon.org/dbtools/project-database/index.php?ID=100476","CalCOFI data","https://www.calcofi.org/ccdata.html","","",NA,NA,NA,NA,NA,NA,NA,NA,NA,NA,NA,NA,NA,NA,NA,NA,NA,NA,NA,NA,NA
"99","Figure App.F.12.19.sardine","CalCOFI Monitoring Program","https://sanctuarysimon.org/dbtools/project-database/index.php?ID=100476","CalCOFI data","https://www.calcofi.org/ccdata.html","","",NA,NA,NA,NA,NA,NA,NA,NA,NA,NA,NA,NA,NA,NA,NA,NA,NA,NA,NA,NA,NA
"100","Figure App.F.12.20.squid.","CalCOFI Monitoring Program","https://sanctuarysimon.org/dbtools/project-database/index.php?ID=100476","CalCOFI data","https://www.calcofi.org/ccdata.html","","",NA,NA,NA,NA,NA,NA,NA,NA,NA,NA,NA,NA,NA,NA,NA,NA,NA,NA,NA,NA,NA
"101","Figure App.F.3.1.","CINP Rocky Intertidal Monitoring","https://sanctuarysimon.org/dbtools/project-database/index.php?ID=100508","MARINe data","https://marine.ucsc.edu/explore-the-data/index.html","Black Abalone","",NA,NA,NA,NA,NA,NA,NA,NA,NA,NA,NA,NA,NA,NA,NA,NA,NA,NA,NA,NA,NA
"102","Figure App.F.13.1.","","","","","","",NA,NA,NA,NA,NA,NA,NA,NA,NA,NA,NA,NA,NA,NA,NA,NA,NA,NA,NA,NA,NA
"103","Figure App.F.13.2.","CNIP Rocky Intertidal Monitoring","https://sanctuarysimon.org/dbtools/project-database/index.php?ID=100508","MARINe data","https://marine.ucsc.edu/explore-the-data/index.html","Black Abalone","",NA,NA,NA,NA,NA,NA,NA,NA,NA,NA,NA,NA,NA,NA,NA,NA,NA,NA,NA,NA,NA
"104","Figure App.F.13.3a.","CNIP Rocky Intertidal Monitoring","https://sanctuarysimon.org/dbtools/project-database/index.php?ID=100508","MARINe data","https://marine.ucsc.edu/explore-the-data/index.html","Data sourced to Channel Islands National Park [Intertidal]","",NA,NA,NA,NA,NA,NA,NA,NA,NA,NA,NA,NA,NA,NA,NA,NA,NA,NA,NA,NA,NA
"105","Figure App.F.13.3b.","","","","","","",NA,NA,NA,NA,NA,NA,NA,NA,NA,NA,NA,NA,NA,NA,NA,NA,NA,NA,NA,NA,NA
"106","Figure App.F.13.4.","Black Oystercatcher Monitoring","https://ca.audubon.org/westernsnowyplover/black-oystercatcher","Data from Weinstein et al. 2014","http://dx.doi.org/10.13140/2.1.3697.2163","Figure: Modified from Weinstein et al. 2014","",NA,NA,NA,NA,NA,NA,NA,NA,NA,NA,NA,NA,NA,NA,NA,NA,NA,NA,NA,NA,NA
"107","Figure App.F.13.5.","CINP Rocky Intertidal Monitoring","https://sanctuarysimon.org/dbtools/project-database/index.php?ID=100508","MARINe data","https://marine.ucsc.edu/explore-the-data/index.html","Data sourced to Channel Islands National Park [???]","",NA,NA,NA,NA,NA,NA,NA,NA,NA,NA,NA,NA,NA,NA,NA,NA,NA,NA,NA,NA,NA
"108","Figure App.F.13.6.","Christmas Bird Count","https://www.audubon.org/conservation/science/christmas-bird-count","Audubon CBC data","https://www.audubon.org/conservation/science/christmas-bird-count","Data source to Audubon Christmas Bird Count","",NA,NA,NA,NA,NA,NA,NA,NA,NA,NA,NA,NA,NA,NA,NA,NA,NA,NA,NA,NA,NA
"109","Figure App.F.13.7.","CINP Sandy Beach Monitoring","https://www.nps.gov/im/medn/sandy-beaches-lagoons.htm","","","Graphs provided by Steve Whitaker, data not publically available","",NA,NA,NA,NA,NA,NA,NA,NA,NA,NA,NA,NA,NA,NA,NA,NA,NA,NA,NA,NA,NA
"110","Figure App.F.13.7a.","CINP Sandy Beach Monitoring","https://www.nps.gov/im/medn/sandy-beaches-lagoons.htm","","","","",NA,NA,NA,NA,NA,NA,NA,NA,NA,NA,NA,NA,NA,NA,NA,NA,NA,NA,NA,NA,NA
"111","Figure App.F.13.7b.","CINP Sandy Beach Monitoring","https://www.nps.gov/im/medn/sandy-beaches-lagoons.htm","","","","",NA,NA,NA,NA,NA,NA,NA,NA,NA,NA,NA,NA,NA,NA,NA,NA,NA,NA,NA,NA,NA
"112","Figure App.F.13.8.","CINP Sandy Beach Monitoring","https://www.nps.gov/im/medn/sandy-beaches-lagoons.htm","","","Graphs provided by Steve Whitaker, data not publically available","",NA,NA,NA,NA,NA,NA,NA,NA,NA,NA,NA,NA,NA,NA,NA,NA,NA,NA,NA,NA,NA
"113","Figure App.F.13.9.","PISCO Kelp Forest Monitoring","https://sanctuarysimon.org/dbtools/project-database/index.php?ID=100465","PISCO data","http://www.piscoweb.org/access-data","Data sourced to PISCO","",NA,NA,NA,NA,NA,NA,NA,NA,NA,NA,NA,NA,NA,NA,NA,NA,NA,NA,NA,NA,NA
"114","Figure App.F.13.10a.","CINP Kelp Forest Monitoring","https://sanctuarysimon.org/dbtools/project-database/index.php?ID=100505","CHIS data","https://www.nps.gov/im/medn/kelp-forest-communities.htm","Data sourced to Channel Islands National Park [???]","",NA,NA,NA,NA,NA,NA,NA,NA,NA,NA,NA,NA,NA,NA,NA,NA,NA,NA,NA,NA,NA
"115","Figure App.F.13.10b.","CINP Kelp Forest Monitoring","https://sanctuarysimon.org/dbtools/project-database/index.php?ID=100505","CHIS data","https://www.nps.gov/im/medn/kelp-forest-communities.htm","","",NA,NA,NA,NA,NA,NA,NA,NA,NA,NA,NA,NA,NA,NA,NA,NA,NA,NA,NA,NA,NA
"116","Figure App.F.13.12.","","https://sanctuarysimon.org/dbtools/project-database/index.php?ID=100485","","https://www.nps.gov/chis/index.htm","Data sourced to Channel Islands National Park [???]","",NA,NA,NA,NA,NA,NA,NA,NA,NA,NA,NA,NA,NA,NA,NA,NA,NA,NA,NA,NA,NA
"117","Figure App.F.13.13.","","https://sanctuarysimon.org/dbtools/project-database/index.php?ID=100485","","https://sbclter.msi.ucsb.edu/data/catalog/","","",NA,NA,NA,NA,NA,NA,NA,NA,NA,NA,NA,NA,NA,NA,NA,NA,NA,NA,NA,NA,NA
"118","Figure App.F.13.14.","","https://sanctuarysimon.org/dbtools/project-database/index.php?ID=100504","","http://www.piscoweb.org/access-data","","",NA,NA,NA,NA,NA,NA,NA,NA,NA,NA,NA,NA,NA,NA,NA,NA,NA,NA,NA,NA,NA
"119","Figure App.F.13.15.","","https://sanctuarysimon.org/dbtools/project-database/index.php?ID=100465","","http://www.piscoweb.org/access-data","","",NA,NA,NA,NA,NA,NA,NA,NA,NA,NA,NA,NA,NA,NA,NA,NA,NA,NA,NA,NA,NA
"120","Figure App.F.13.16.","","https://sanctuarysimon.org/dbtools/project-database/index.php?ID=100505","","https://www.nps.gov/chis/index.htm","Data sourced to Channel Islands National Park [???]","",NA,NA,NA,NA,NA,NA,NA,NA,NA,NA,NA,NA,NA,NA,NA,NA,NA,NA,NA,NA,NA
"121","Figure App.F.13.17.","","","","https://sbclter.msi.ucsb.edu/data/catalog/","","",NA,NA,NA,NA,NA,NA,NA,NA,NA,NA,NA,NA,NA,NA,NA,NA,NA,NA,NA,NA,NA
"122","Figure App.F.13.18.","","https://www.maregroup.org/","","https://www.researchgate.net/publication/311757286_It's_all_about_your_network_Using_ROVs_to_assess_Marine_Protected_Area_effectiveness","","",NA,NA,NA,NA,NA,NA,NA,NA,NA,NA,NA,NA,NA,NA,NA,NA,NA,NA,NA,NA,NA
"123","Figure App.F.13.19.","","https://www.maregroup.org/","","https://www.researchgate.net/publication/311757286_It's_all_about_your_network_Using_ROVs_to_assess_Marine_Protected_Area_effectiveness","","",NA,NA,NA,NA,NA,NA,NA,NA,NA,NA,NA,NA,NA,NA,NA,NA,NA,NA,NA,NA,NA
"124","Figure App.F.13.20.","","https://sanctuarysimon.org/dbtools/project-database/index.php?ID=100480","","","*NWFSC hook and line surveys","",NA,NA,NA,NA,NA,NA,NA,NA,NA,NA,NA,NA,NA,NA,NA,NA,NA,NA,NA,NA,NA
"125","Figure App.F.13.21.","","","","","Data sourced to NMFS NWFSC (really, Northwest not Southwest?","",NA,NA,NA,NA,NA,NA,NA,NA,NA,NA,NA,NA,NA,NA,NA,NA,NA,NA,NA,NA,NA
"126","Figure App.F.13.22.","","https://sanctuarysimon.org/dbtools/project-database/index.php?ID=100476","Data from Sydeman et al. 2015","https://doi.org/10.1016/j.dsr2.2014.03.008","","",NA,NA,NA,NA,NA,NA,NA,NA,NA,NA,NA,NA,NA,NA,NA,NA,NA,NA,NA,NA,NA
"127","Figure App.F.13.23.","SWFSC Pinniped Aerial Surveys","https://sanctuarysimon.org/dbtools/project-database/index.php?ID=100483","Marine Mammals Stock Assessment","https://doi.org/10.25923/x17q-2p43","***SIMoN project is marked as ""historic""","",NA,NA,NA,NA,NA,NA,NA,NA,NA,NA,NA,NA,NA,NA,NA,NA,NA,NA,NA,NA,NA
"128","Figure App.F.13.24_new.","California Sea Lion Demography Program","https://www.afsc.noaa.gov/nmml/california/research/ccepresearch.php?url=nmmlccep1536","Sea Lion Demography Data","https://oceanview.pfeg.noaa.gov/erddap/info/cciea_MM_pup_count/index.html","","",NA,NA,NA,NA,NA,NA,NA,NA,NA,NA,NA,NA,NA,NA,NA,NA,NA,NA,NA,NA,NA
"129","Figure App.F.13.25.","SWFSC Pinniped Aerial Surveys","https://sanctuarysimon.org/dbtools/project-database/index.php?ID=100483","Marine Mammals Stock Assessment","https://doi.org/10.25923/x17q-2p43","***SIMoN project is marked as ""historic""","",NA,NA,NA,NA,NA,NA,NA,NA,NA,NA,NA,NA,NA,NA,NA,NA,NA,NA,NA,NA,NA
"130","Figure App.F.13.26.","SWFSC Pinniped Aerial Surveys","https://sanctuarysimon.org/dbtools/project-database/index.php?ID=100483","Marine Mammals Stock Assessment","https://doi.org/10.25923/x17q-2p43","***SIMoN project is marked as ""historic""","",NA,NA,NA,NA,NA,NA,NA,NA,NA,NA,NA,NA,NA,NA,NA,NA,NA,NA,NA,NA,NA
"131","Figure App.F.13.27.","SWFSC Pinniped Aerial Surveys","https://sanctuarysimon.org/dbtools/project-database/index.php?ID=100483","Marine Mammals Stock Assessment","https://doi.org/10.25923/x17q-2p43","***SIMoN project is marked as ""historic""","",NA,NA,NA,NA,NA,NA,NA,NA,NA,NA,NA,NA,NA,NA,NA,NA,NA,NA,NA,NA,NA
"132","Figure App.F.13.28.","CalCOFI Monitoring Program","https://sanctuarysimon.org/dbtools/project-database/index.php?ID=100476","","http://dx.doi.org/10.1016/j.dsr2.2014.10.008","","",NA,NA,NA,NA,NA,NA,NA,NA,NA,NA,NA,NA,NA,NA,NA,NA,NA,NA,NA,NA,NA
"133","Figure App.F.15.5","CalCOFI Monitoring Program","https://sanctuarysimon.org/dbtools/project-database/index.php?ID=100476","","https://calcofi.org/data/195-available-data.html","CalCOFI","",NA,NA,NA,NA,NA,NA,NA,NA,NA,NA,NA,NA,NA,NA,NA,NA,NA,NA,NA,NA,NA
"134","Figure App.F.15.6.a-b.","CalCOFI Monitoring Program","https://sanctuarysimon.org/dbtools/project-database/index.php?ID=100476","","https://calcofi.org/data/195-available-data.html","CalCOFI","",NA,NA,NA,NA,NA,NA,NA,NA,NA,NA,NA,NA,NA,NA,NA,NA,NA,NA,NA,NA,NA
"135","Figure App.F.15.6.c-d.","CalCOFI Monitoring Program","https://sanctuarysimon.org/dbtools/project-database/index.php?ID=100476","","https://calcofi.org/data/195-available-data.html","CalCOFI","",NA,NA,NA,NA,NA,NA,NA,NA,NA,NA,NA,NA,NA,NA,NA,NA,NA,NA,NA,NA,NA
"136","Figure App.F.15.7.","CalCOFI Monitoring Program","https://sanctuarysimon.org/dbtools/project-database/index.php?ID=100476","Data from Santora and Sydeman 2015","http://dx.doi.org/10.1890/ES14-00434.1","","",NA,NA,NA,NA,NA,NA,NA,NA,NA,NA,NA,NA,NA,NA,NA,NA,NA,NA,NA,NA,NA
"137","Figure App.F.15.8.","CalCOFI Monitoring Program","https://sanctuarysimon.org/dbtools/project-database/index.php?ID=100476","Data from Leising et al. 2015","http://calcofi.org/publications/calcofireports/v56/Vol56-SOTCC.web.31-69.pdf","","",NA,NA,NA,NA,NA,NA,NA,NA,NA,NA,NA,NA,NA,NA,NA,NA,NA,NA,NA,NA,NA
"138","Figure App.F.14.1.","South Coast MPA Baseline Monitoring","https://caseagrant.ucsd.edu/news/south-coast-mpa-baseline-program#rocky-intertidal","Data from Blanchette et al. 2015","https://caseagrant.ucsd.edu/sites/default/files/SCMPA-22-Final-Report_0.pdf","Figure credit: Blanchette et al. 2015","",NA,NA,NA,NA,NA,NA,NA,NA,NA,NA,NA,NA,NA,NA,NA,NA,NA,NA,NA,NA,NA
"139","Figure App.F.14.2.","MARINe Invasive Species Monitoring","marineinvasives.org","Marks et al. 2015","https://www.reabic.net/journals/bir/2015/4/BIR_2015_Marks_etal.pdf","","",NA,NA,NA,NA,NA,NA,NA,NA,NA,NA,NA,NA,NA,NA,NA,NA,NA,NA,NA,NA,NA
"140","Figure App.F.14.3.","MARINe Invasive Species Monitoring","marineinvasives.org","Data in EDI","https://doi.org/10.6073/pasta/63012c4e436214239ebed11ee57cbe03","","",NA,NA,NA,NA,NA,NA,NA,NA,NA,NA,NA,NA,NA,NA,NA,NA,NA,NA,NA,NA,NA
"141","Figure App.F.14.4.","Channel Island NP Kelp Forest Monitoring","https://sanctuarysimon.org/dbtools/project-database/index.php?ID=100505","","https://www.nps.gov/im/medn/kelp-forest-communities.htm","Data sourced to Channel Islands National Park [KFMP]","",NA,NA,NA,NA,NA,NA,NA,NA,NA,NA,NA,NA,NA,NA,NA,NA,NA,NA,NA,NA,NA
"142","Figure App.F.14.5.","","","Data from Page et al. 2019","https://doi.org/10.3391/ai.2019.14.4.04","https://sanctuarysimon.org/dbtools/project-database/index.php?ID=100417","<-- monitoring project in Monterey",NA,NA,NA,NA,NA,NA,NA,NA,NA,NA,NA,NA,NA,NA,NA,NA,NA,NA,NA,NA,NA
"143","Figure App.F.15.1.","Santa Barbara Channel MBON","https://sanctuarysimon.org/dbtools/project-database/index.php?ID=100466","SBC MBON Data Catalog","http://sbc.marinebon.org/data/catalog/","","",NA,NA,NA,NA,NA,NA,NA,NA,NA,NA,NA,NA,NA,NA,NA,NA,NA,NA,NA,NA,NA
"144","Figure App.F.15.2.","","https://sanctuarysimon.org/dbtools/project-database/index.php?ID=100505","","http://www.piscoweb.org/access-data","","",NA,NA,NA,NA,NA,NA,NA,NA,NA,NA,NA,NA,NA,NA,NA,NA,NA,NA,NA,NA,NA
"145","Figure App.F.15.3.","","https://sanctuarysimon.org/dbtools/project-database/index.php?ID=100462","","http://doi.org/10.13140/RG.2.1.3430.4085","","",NA,NA,NA,NA,NA,NA,NA,NA,NA,NA,NA,NA,NA,NA,NA,NA,NA,NA,NA,NA,NA
"146","Figure App.F.15.4.","","https://www.sccwrp.org/","","https://doi.org/10.1016/j.rsma.2015.09.003","https://sanctuarysimon.org/dbtools/project-database/index.php?ID=100428","",NA,NA,NA,NA,NA,NA,NA,NA,NA,NA,NA,NA,NA,NA,NA,NA,NA,NA,NA,NA,NA
"147","Table App.F.13.2.","","","","","Fishing effort, data linked to ""NMFS""","",NA,NA,NA,NA,NA,NA,NA,NA,NA,NA,NA,NA,NA,NA,NA,NA,NA,NA,NA,NA,NA
"148","Table App.F.13.3.","","","","","Fishing effort, data linked to ""NMFS""","",NA,NA,NA,NA,NA,NA,NA,NA,NA,NA,NA,NA,NA,NA,NA,NA,NA,NA,NA,NA,NA
"149","Table App.F.15.2.","","","","","Fishing effort, data linked to ""NMFS""","",NA,NA,NA,NA,NA,NA,NA,NA,NA,NA,NA,NA,NA,NA,NA,NA,NA,NA,NA,NA,NA
"150","Figure ocean-sst.","","","","","","",NA,NA,NA,NA,NA,NA,NA,NA,NA,NA,NA,NA,NA,NA,NA,NA,NA,NA,NA,NA,NA
"151","BeachCombers_seabird_deposition_oiling","BeachCOMBER monitoring program","https://sanctuarysimon.org/dbtools/project-database/index.php?ID=100143","BeachCOMBERS 20 year report","https://www.mlml.calstate.edu/beachcombers/beachcombers-twenty-year-summary-report-1997-2017/","","",NA,NA,NA,NA,NA,NA,NA,NA,NA,NA,NA,NA,NA,NA,NA,NA,NA,NA,NA,NA,NA
"152","BeachCombers_CCIEA_Strandings_South","BeachCOMBER monitoring program","https://sanctuarysimon.org/dbtools/project-database/index.php?ID=100143","BeachCOMBERS in CeNCOOS data catalog","https://data.cencoos.org/#module-metadata/89c64bd6-c1e2-4cc9-bdbf-2efa61586b50","","",NA,NA,NA,NA,NA,NA,NA,NA,NA,NA,NA,NA,NA,NA,NA,NA,NA,NA,NA,NA,NA
"153","Golden rockweed","CINP Rocky Intertidal Monitoring","https://sanctuarysimon.org/dbtools/project-database/index.php?ID=100508","MARINe data","https://marine.ucsc.edu/explore-the-data/index.html","Data sourced to Channel Islands National Park/MARINe","",NA,NA,NA,NA,NA,NA,NA,NA,NA,NA,NA,NA,NA,NA,NA,NA,NA,NA,NA,NA,NA
"154","Olive rockweed","CINP Rocky Intertidal Monitoring","https://sanctuarysimon.org/dbtools/project-database/index.php?ID=100508","MARINe data","https://marine.ucsc.edu/explore-the-data/index.html","Data sourced to Channel Islands National Park/MARINe","",NA,NA,NA,NA,NA,NA,NA,NA,NA,NA,NA,NA,NA,NA,NA,NA,NA,NA,NA,NA,NA
"155","Turfweed","CINP Rocky Intertidal Monitoring","https://sanctuarysimon.org/dbtools/project-database/index.php?ID=100508","MARINe data","https://marine.ucsc.edu/explore-the-data/index.html","Data sourced to Channel Islands National Park/MARINe","",NA,NA,NA,NA,NA,NA,NA,NA,NA,NA,NA,NA,NA,NA,NA,NA,NA,NA,NA,NA,NA
"156","Acorn barnacles (all plots)","CINP Rocky Intertidal Monitoring","https://sanctuarysimon.org/dbtools/project-database/index.php?ID=100508","MARINe data","https://marine.ucsc.edu/explore-the-data/index.html","Data sourced to Channel Islands National Park/MARINe","",NA,NA,NA,NA,NA,NA,NA,NA,NA,NA,NA,NA,NA,NA,NA,NA,NA,NA,NA,NA,NA
"157","Acorn barnacles (barnacle plots only)","CINP Rocky Intertidal Monitoring","https://sanctuarysimon.org/dbtools/project-database/index.php?ID=100508","MARINe data","https://marine.ucsc.edu/explore-the-data/index.html","Data sourced to Channel Islands National Park/MARINe","",NA,NA,NA,NA,NA,NA,NA,NA,NA,NA,NA,NA,NA,NA,NA,NA,NA,NA,NA,NA,NA
"158","Gooseneck barnacles (all plots)","CINP Rocky Intertidal Monitoring","https://sanctuarysimon.org/dbtools/project-database/index.php?ID=100508","MARINe data","https://marine.ucsc.edu/explore-the-data/index.html","Data sourced to Channel Islands National Park/MARINe","",NA,NA,NA,NA,NA,NA,NA,NA,NA,NA,NA,NA,NA,NA,NA,NA,NA,NA,NA,NA,NA
"159","Pink barnacles (all plots)","CINP Rocky Intertidal Monitoring","https://sanctuarysimon.org/dbtools/project-database/index.php?ID=100508","MARINe data","https://marine.ucsc.edu/explore-the-data/index.html","Data sourced to Channel Islands National Park/MARINe","",NA,NA,NA,NA,NA,NA,NA,NA,NA,NA,NA,NA,NA,NA,NA,NA,NA,NA,NA,NA,NA
"160","California Mussels","CINP Rocky Intertidal Monitoring","https://sanctuarysimon.org/dbtools/project-database/index.php?ID=100508","MARINe data","https://marine.ucsc.edu/explore-the-data/index.html","Data sourced to Channel Islands National Park/MARINe","",NA,NA,NA,NA,NA,NA,NA,NA,NA,NA,NA,NA,NA,NA,NA,NA,NA,NA,NA,NA,NA
